,aboutir,investir,traduire,témoigner,juger,justifier,viser,prononcer,accomplir,convenir,acquérir,achever,observer,adapter,admettre,entraîner,payer,respecter,affecter,demeurer,aggraver,agir,ajouter,alimenter,coûter,relancer,préférer,appliquer,apporter,fonder,appuyer,changer,chuter,soutenir,concevoir,interroger,confirmer,moyennes,data_sizes
0,0.8799999999999999,0.6399999999999999,0.6799999999999999,0.6399999999999999,0.8666666666666666,0.8800000000000001,0.64,0.6799999999999999,0.8,0.7200000000000001,0.8,0.8800000000000001,0.6799999999999999,0.8799999999999999,0.76,0.64,0.6799999999999999,0.6,0.52,0.6,0.8800000000000001,0.44000000000000006,0.64,0.8400000000000001,0.6,0.8,0.6,0.8,0.76,0.6,0.76,0.4800000000000001,0.5999999999999999,0.6,0.9199999999999999,0.76,0.52,0.7045045045045047,1.0
1,0.9,0.45,0.8,0.6,0.8,0.8,0.3,0.55,0.7,0.7,0.8,0.9,0.4,0.75,0.65,0.5,0.75,0.65,0.25,0.7,1.0,0.6,0.5,0.4,0.55,0.65,0.8,0.6,0.6,0.55,0.65,0.6,0.4,0.8,0.7,0.7,0.35,0.6324324324324325,0.75
2,0.6666666666666666,0.3333333333333333,0.7333333333333333,0.5333333333333333,0.6,0.9333333333333333,0.39999999999999997,0.39999999999999997,0.4,0.5999999999999999,0.4666666666666666,0.6666666666666666,0.4,0.6666666666666666,0.4666666666666666,0.2,0.4666666666666666,0.5333333333333333,0.2,0.3,0.8666666666666666,0.5999999999999999,0.4666666666666666,0.4,0.39999999999999997,0.7333333333333333,0.3333333333333333,0.6,0.6,0.26666666666666666,0.7333333333333333,0.39999999999999997,0.0,0.2,0.7333333333333333,0.6,0.26666666666666666,0.490990990990991,0.5
3,0.3,0.0,0.3,0.2,0.0,0.5,0.1,0.1,0.0,0.1,0.1,0.4,0.3,0.5,0.2,0.1,0.1,0.2,0.0,0.0,0.9,0.0,0.2,0.4,0.3,0.1,0.4,0.1,0.2,0.0,0.3,0.0,0.0,0.3,0.6,0.1,0.0,0.2,0.25
