data_sizes,accuracy,most_frequent_sense
0.75,0.65,"['1', 0.5]"
0.5,0.71,"['1', 0.56]"
0.25,0.63,"['5', 0.46153846153846156]"
0.0,0.46,"['1', 0.3333333333333333]"
