data_sizes,macro_average,micro_average
0.75,0.1612937023294166,0.8
0.5,0.2356850776342301,0.792
0.25,0.2640694505414106,0.7243243243243243
0.0,0.1831613381464053,0.408695652173913
