data_sizes,accuracy,most_frequent_sense
0.75,0.67,"['1', 0.47368421052631576]"
0.5,0.62,"['1', 0.48]"
0.25,0.62,"['1', 0.46153846153846156]"
0.0,0.45,"['5', 0.3333333333333333]"
