data_sizes,accuracy,most_frequent_sense
0.75,0.7333333333333334,"['3', 0.82]"
0.5,0.792,"['3', 0.82]"
0.25,0.7297297297297298,"['3', 0.82]"
0.0,0.4304347826086956,"['3', 0.82]"
