data_sizes,accuracy,most_frequent_sense
0.75,0.6666666666666666,"['1', 0.52]"
0.5,0.64,"['1', 0.52]"
0.25,0.6,"['1', 0.52]"
0.0,0.4042553191489362,"['1', 0.52]"
