data_sizes,macro_average,micro_average
0.75,0.6166666666666667,0.6666666666666666
0.5,0.6350000000000001,0.64
0.25,0.6383483483483484,0.6
0.0,0.5733187697410639,0.40425531914893614
