data_sizes,accuracy,most_frequent_sense
0.75,0.48,"['4', 0.6842105263157895]"
0.5,0.57,"['4', 0.64]"
0.25,0.55,"['4', 0.6923076923076923]"
0.0,0.24,"['1', 0.25]"
