data_sizes,accuracy,most_frequent_sense
0.75,0.75,"['3', 0.7894736842105263]"
0.5,0.7,"['3', 0.68]"
0.25,0.81,"['3', 0.7692307692307693]"
0.0,0.69,"['4', 0.25]"
