data_sizes,accuracy,most_frequent_sense
0.75,0.42,"['4', 0.6842105263157895]"
0.5,0.51,"['4', 0.72]"
0.25,0.56,"['4', 0.6153846153846154]"
0.0,0.21,"['4', 0.25]"
