data_sizes,macro_average_moyenne_du_kmeans,micro_average_moyenne_du_kmeans
0.75,0.3566666666666667,0.61
0.5,0.38333333333333336,0.6350000000000001
0.25,0.37333333333333335,0.6344444444444446
0.0,0.34416666666666673,0.5675
