data_sizes,macro_average,micro_average
0.75,0.1305153890824622,0.5166666666666667
0.5,0.1665255153343388,0.536
0.25,0.1826436400021097,0.4594594594594595
0.0,0.13380493503416685,0.27391304347826084
