data_sizes,macro_average,micro_average
0.75,0.1311982205720346,0.5666666666666667
0.5,0.1978098741847896,0.624
0.25,0.2681387044292522,0.6432432432432432
0.0,0.23727489718464997,0.502127659574468
