data_sizes,macro_average_moyenne_du_kmeans,micro_average_moyenne_du_kmeans
0.75,0.38999999999999996,0.6433333333333334
0.5,0.3983333333333334,0.655
0.25,0.3877777777777778,0.648888888888889
0.0,0.3575,0.5875000000000001
