data_sizes,macro_average_moyenne_du_kmeans,micro_average_moyenne_du_kmeans
0.75,0.14100243732797116,0.6277777777777779
0.5,0.17050462985621198,0.6392222222222222
0.25,0.19309773045667158,0.6291511511511512
0.0,0.19101006203960555,0.5705913929655835
